Player,AVG SALARY
Stephen Curry,21410995.230769232
James Harden,22771817.0
John Wall,20659679.75
Russell Westbrook,22775948.785714287
Kevin Durant,23162299.733333334
LeBron James,23350785.05263158
Paul George,19690243.833333332
Damian Lillard,20687508.8
Giannis Antetokounmpo,17395896.777777776
Kawhi Leonard,18618970.818181816
Klay Thompson,18102760.636363637
Jimmy Butler,17626113.181818184
Tobias Harris,16956322.90909091
Khris Middleton,16884435.3
Anthony Davis,20412082.9
Rudy Gobert,16254136.111111112
Kyrie Irving,19438995.636363637
Kemba Walker,15662889.818181818
Bradley Beal,19302918.9
Pascal Siakam,12029219.666666666
Ben Simmons,15708646.5
Blake Griffin,21807617.230769232
Kristaps Porzingis,16051157.857142856
Devin Booker,14663181.714285715
Karl-Anthony Towns,17172775.57142857
Joel Embiid,17733701.5
Andrew Wiggins,18419790.625
Kevin Love,18699512.785714287
Jrue Holiday,15696138.153846154
Nikola Jokic,17636687.85714286
CJ McCollum,17482642.222222224
Chris Paul,21830879.647058822
D'Angelo Russell,16386999.714285715
Gordon Hayward,18913360.333333332
Brandon Ingram,14035626.166666666
Jamal Murray,12342188.833333334
Donovan Mitchell,8739577.6
De'Aaron Fox,10886378.2
Bam Adebayo,8621566.0
Jayson Tatum,12065237.4
Al Horford,17973865.266666666
Kyle Lowry,14845953.375
Jaylen Brown,12748997.0
DeMar DeRozan,17000640.076923076
Draymond Green,14075061.0
Nikola Vucevic,13097806.545454545
Buddy Hield,11113467.666666666
John Collins,6967459.4
Malcolm Brogdon,11473080.333333334
Tim Hardaway Jr,11822496.444444444
Mike Conley,16860376.533333335
Gary Harris,10867226.625
Danilo Gallinari,13998413.57142857
Harrison Barnes,16047292.3
Jerami Grant,7968128.875
Jarrett Allen,6147172.6
Julius Randle,10549098.5
Fred VanVleet,10564072.833333334
Zach LaVine,11578472.75
Goran Dragic,11957595.357142856
Spencer Dinwiddie,6086375.125
Bojan Bogdanovic,11272073.625
Lonzo Ball,10893765.0
Domantas Sabonis,8593060.333333334
Eric Gordon,12601057.42857143
Eric Bledsoe,11630115.25
Myles Turner,9663880.142857144
Bogdan Bogdanovic,13245219.0
Terry Rozier,9806817.714285715
Ricky Rubio,12101556.727272727
Clint Capela,9793216.5
Caris LeVert,7128377.0
Jonathan Isaac,8263907.4
Joe Harris,7022381.25
Evan Fournier,11732205.9
Steven Adams,15300382.333333334
Markelle Fultz,11314708.6
Aaron Gordon,12522901.25
Gary Trent Jr,5096371.5
OG Anunoby,5300608.0
Davis Bertans,8141624.333333333
Lauri Markkanen,7507457.6
Derrick White,4961255.2
Duncan Robinson,4747435.25
Marcus Morris,7269738.909090909
Will Barton,7093357.6
Norman Powell,7308237.714285715
Dejounte Murray,6233296.166666667
Malik Beasley,6195433.5
Patrick Beverley,6368847.7272727275
Thaddeus Young,9853199.0
Jonas Valanciunas,11557204.0
Marcus Smart,8693754.125
Doug McDermott,6115609.875
Christian Wood,5355539.166666667
Derrick Rose,12190270.42857143
Luke Kennard,5911472.0
Taurean Prince,6327179.333333333
Brook Lopez,12704913.857142856
Kentavious Caldwell-Pope,8967139.222222222
Joe Ingles,8762117.375
Kyle Kuzma,4449937.6
Robert Covington,7950322.111111111
TJ Warren,7554342.25
Deandre Ayton,10537523.5
Terrence Ross,8760994.1
Jordan Clarkson,10090909.0
Dillon Brooks,5664420.4
Kelly Olynyk,8631958.0
Nicolas Batum,13271145.142857144
Josh Hart,4212468.6
Jusuf Nurkic,7479241.125
Kelly Oubre,7707594.857142857
Josh Richardson,6730505.571428572
Marvin Bagley,9430425.75
DeAndre Jordan,12979104.142857144
Dwight Powell,8123982.125
Devonte Graham,3830554.25
Zion Williamson,10627057.0
Larry Nance Jr,6184364.857142857
Jeremy Lamb,6671942.9
Richaun Holmes,3778873.714285714
Reggie Jackson,8115572.181818182
Al-Farouq Aminu,6605112.75
Anthony Edwards,10264493.5
Luka Doncic,8472599.25
Cade Cunningham,10050120.0
Tomas Satoransky,6847329.166666667
Danny Green,7775469.076923077
Tristan Thompson,11846086.909090908
Kyle Anderson,5646724.0
Jae Crowder,6067966.8
Derrick Favors,11144299.083333334
Serge Ibaka,11759993.461538462
Derrick Jones,3996708.1666666665
Montrezl Harrell,5180020.0
Ja Morant,9508241.0
Alec Burks,6890816.7272727275
Reggie Bullock,3372007.777777778
Talen Horton-Tucker,4017559.0
Mason Plumlee,7707761.222222222
Jaren Jackson Jr,4764701.444444444
James Wiseman,9183863.0
Jalen Green,8992080.0
De'Anthony Melton,5354960.5
Royce O'Neale,4373150.0
Nerlens Noel,4328440.555555556
Jakob Poeltl,5105266.0
Maxi Kleber,5711673.0
Thomas Bryant,5665145.4
RJ Barrett,8538497.666666666
Alex Caruso,2440096.8333333335
Delon Wright,5159580.285714285
Dario Saric,4996159.666666667
Monte Morris,2698195.2
Tyus Jones,5090875.142857143
Trae Young,6922300.25
Daniel Theis,4248840.6
LaMelo Ball,8247203.5
Seth Curry,3914296.888888889
JaMychal Green,5169138.125
Cedi Osman,5291520.6
Evan Mobley,8075160.0
De'Andre Hunter,7698367.666666667
DJ Augustin,5060603.785714285
Mo Bamba,6288850.0
Ivica Zubac,4343203.666666667
TJ McConnell,2834673.1428571427
Rajon Rondo,8371621.4375
Patrick Williams,7435723.5
Cory Joseph,6629015.818181818
Scottie Barnes,7280400.0
Darius Garland,6971175.666666667
Chris Boucher,3226797.0
Zach Collins,4899821.0
PJ Tucker,5679453.7272727275
Wendell Carter,5743618.5
Juan Hernangomez,4008115.1666666665
Isaac Okoro,6733371.0
Jalen Suggs,6592920.0
Cameron Payne,2804017.4285714286
Joakim Noah,10514278.6
Jarrett Culver,6331731.0
Khem Birch,3019340.2
Collin Sexton,5264331.0
Onyeka Okongwu,6115679.5
Justin Holiday,3353257.6666666665
Josh Giddey,5988000.0
Rudy Gay,12297586.5
Dennis Schroeder,9049095.0
Patrick Mills,6129448.583333333
Kevin Knox,4841460.5
Coby White,5780085.333333333
Timofey Mozgov,8319937.0
Killian Hayes,5582965.0
Mikal Bridges,4600250.5
Shai Gilgeous-Alexander,4423100.5
Jonathan Kuminga,5466360.0
Miles Bridges,4252193.25
Jaxson Hayes,5295315.0
Pat Connaughton,2494930.8571428573
Kris Dunn,4903208.166666667
George Hill,8670966.57142857
Michael Porter,3929169.5
Dewayne Dedmon,4783693.333333333
Ryan Anderson,9425279.153846154
Hamidou Diallo,2340121.5
Kevon Looney,2991290.1428571427
Troy Brown,3777042.5
Obi Toppin,5114667.0
Franz Wagner,5007840.0
Josh Jackson,5935439.2
JaVale McGee,5788284.785714285
Robin Lopez,7547290.428571428
Luol Deng,10902533.5
Kendrick Nunn,2076881.0
Louis Williams,5836263.882352941
Danuel House,2272551.5
Rui Hachimura,4867513.0
Taj Gibson,7146622.384615385
Garrett Temple,3838582.0833333335
Torrey Craig,2202190.0
Bruce Brown,2224147.0
Deni Avdija,4701476.0
Donte DiVincenzo,3411251.25
Cam Reddish,4624010.0
David Nwaba,1783329.3333333333
Furkan Korkmaz,2341691.6
Davion Mitchell,4603200.0
Ishmael Smith,3674737.1666666665
Bryn Forbes,2575110.5
Jeff Green,6333045.857142857
Jalen Smith,4466312.5
Lonnie Walker,3244129.25
Cameron Johnson,4392948.666666667
Ziaire Williams,4373040.0
Moe Harkless,6309366.5
Bobby Portis,4508814.714285715
Kevin Huerter,3096884.0
Devin Vassell,4243030.0
Chandler Hutchison,2855142.0
Willie Cauley-Stein,3985109.0
PJ Washington,4173386.3333333335
James Bouknight,4154400.0
Jevon Carter,2662670.5
Josh Okogie,2974755.25
Grayson Allen,2888386.75
Jarred Vanderbilt,2052621.5
Tyrese Haliburton,4031015.5
Tyler Herro,3964608.6666666665
Terence Davis,2184225.6666666665
Dorian Finney-Smith,2698810.3333333335
Gorgui Dieng,8808039.333333334
Aaron Holiday,2723005.5
Josh Primo,3946800.0
Jake Layman,2583596.6666666665
Anfernee Simons,2643470.5
Justise Winslow,6265818.714285715
Kira Lewis,3829349.5
Romeo Langford,3766576.0
Sekou Doumbouya,3639698.3333333335
Landry Shamet,2481665.0
Chris Duarte,3749400.0
Alex Len,4406781.555555556
Robert Williams,2410664.75
Aaron Nesmith,3638028.5
Moses Moody,3562200.0
Mike Muscala,2481872.3333333335
Boban Marjanovic,5052583.0
Cole Anthony,3455817.5
Corey Kispert,3383640.0
Luka Samanic,3061693.6666666665
Georges Niang,1580868.0
Michael Carter-Williams,2778916.3333333335
Chuma Okeke,3283215.5
Isaiah Stewart,3283215.5
Nickeil Alexander-Walker,3229116.3333333335
Alperen Sengun,3214680.0
Jon Leuer,4612981.8
Trey Burke,2438557.888888889
Aleksej Pokusevski,3118923.5
Facundo Campazzo,3236263.0
Goga Bitadze,3067722.0
Trey Murphy,3053760.0
Frank Jackson,1568856.6
Sterling Brown,1775369.0
Josh Green,2963072.0
Tre Mann,2901240.0
Andrew Nicholson,2978229.0
Matisse Thybulle,2812188.3333333335
Saddiq Bey,2829632.5
Kai Jones,2770560.0
Brandon Clarke,2699830.0
Precious Achiuwa,2716327.5
Marc Gasol,14967044.785714285
Jalen Johnson,2659680.0
Paul Millsap,13566153.8125
E'Twaun Moore,4346777.818181818
Markieff Morris,4966010.454545454
Udonis Haslem,4404360.368421053
Dwight Howard,16039168.333333334
Trevor Ariza,7552617.333333333
Wayne Ellington,3863498.230769231
Carmelo Anthony,15071197.05263158
Avery Bradley,5926882.083333333
Enes Kanter,10382302.181818182
Andre Iguodala,11997197.555555556
Ed Davis,4379668.5
James Johnson,6699436.615384615
LaMarcus Aldridge,15280756.8125
Grant Williams,2591874.0
Tyrese Maxey,2607702.5
Keon Johnson,2553240.0
Darius Bazley,2488360.6666666665
Trey Lyles,3664908.1428571427
Zeke Nnaji,2503453.5
Isaiah Jackson,2451240.0
Ty Jerome,2388905.0
Hassan Whiteside,11506171.2
Kent Bazemore,8728423.6
Austin Rivers,6024369.6
Andre Drummond,15247591.4
Cody Zeller,9155066.777777778
Ben McLemore,3797571.0
Solomon Hill,7088389.0
Tony Snell,6375122.0
Victor Oladipo,13027603.222222222
Otto Porter,15430093.333333334
Leandro Bolmaro,2353320.0
Usman Garuba,2353320.0
Willy Hernangomez,1782100.8333333333
Edmond Sumner,1457709.4
Nassir Little,2293144.0
RJ Hampton,2307390.0
DeAndre Bembry,2009227.0
Josh Christopher,2259240.0
Monta Ellis,7691422.3125
Drew Eubanks,1028861.25
Elfrid Payton,3901567.5
Rodney Hood,3734690.375
Dylan Windler,2217097.3333333335
Immanuel Quickley,2214839.0
John Konchar,1499206.3333333333
Quentin Grimes,2168640.0
Jordan Poole,2140006.6666666665
Bol Bol,1471586.6666666667
Keldon Johnson,2124406.3333333335
Payton Pritchard,2141499.5
Jahlil Okafor,3395162.285714286
Bones Hyland,2096880.0
Raul Neto,1679797.857142857
Frank Kaminsky,3156948.4285714286
Nemanja Bjelica,5290680.285714285
Udoka Azubuike,2079734.0
Jaden McDaniels,2066984.5
Malachi Flynn,2051902.5
DeMarcus Cousins,8649740.166666666
Cam Thomas,2036280.0
Desmond Bane,2037001.0
Jaden Springer,2023680.0
Day'Ron Sharpe,2009160.0
Abdel Nader,1669010.0
Kenrich Williams,1628687.0
Theo Maledon,2053914.5
Jeremiah Robinson-Earl,2000000.0
Jordan McLaughlin,871772.6666666666
Garrison Mathews,936515.3333333334
Santiago Aldama,1994520.0
Damian Jones,1738643.5
Wesley Matthews,9717370.307692308
Rodney McGruder,2707589.6666666665
Timothe Luwawu,1673662.8333333333
Moses Brown,1111900.3333333333
Wesley Iwundu,1612730.2
Jose Alvarado,1925406.0
PJ Dozier,826380.6
Damion Lee,825859.0
Killian Tillie,1187476.5
Tyrell Terry,1614412.5
Larry Sanders,4379106.2
Carsen Edwards,1587259.3333333333
Shake Milton,1314210.25
Mitchell Robinson,1702912.75
Jalen Brunson,1596175.0
Dennis Smith,4041102.2
Malik Monk,3726960.4
Semi Ojeleye,1654492.4
Frank Ntilikina,4362706.4
Tony Bradley,2196809.6
Didi Louzada,958284.0
Daniel Gafford,1445099.3333333333
Eric Paschall,1445099.3333333333
KZ Okpala,1445099.3333333333
Luguentz Dort,1182513.3333333333
Isaiah Roby,1657840.6666666667
Naz Reid,1445099.3333333333
Jaylen Nowell,1622483.3333333333
Terance Mann,1481054.0
Bruno Fernando,1622483.3333333333
Kevin Porter,1654191.0
Vlatko Cancar,1445099.3333333333
Dean Wade,1260070.6666666667
Cody Martin,1542332.0
Jalen McDaniels,1445099.3333333333
Nicolas Claxton,1445099.3333333333
Yuta Watanabe,677067.5
Chimezie Metu,1282430.0
Armoni Brooks,940862.0
Isaac Bonga,1515968.0
Sviatoslav Mykhailiuk,1647426.75
Keita Bates-Diop,1152366.0
Moritz Wagner,2083171.75
Thanasis Antetokounmpo,1272798.5
Isaiah Hartenstein,1447062.6666666667
Oshae Brissett,1054069.6666666667
Juan Toscano-Anderson,1022633.6666666666
Herb Jones,1700000.0
Gabriel Deck,2884773.0
Gabe Vincent,816650.3333333334
Max Strus,811854.0
Gary Payton II,660857.6666666666
Javonte Green,1407285.0
Matt Thomas,1407285.0
Robert Woodard,1599943.0
Lance Stephenson,4174500.9
Daniel Oturu,1275150.0
Deividas Sirvydis,1275150.0
Kevin Pangos,1569178.0
Bismack Biyombo,8920331.181818182
Vernon Carey,1470382.5
Anthony Gill,1232361.0
Tre Jones,1232361.0
Jahmi'us Ramsey,1285947.5
Elijah Hughes,1232361.0
CJ Elleby,1232361.0
Isaiah Joe,1232361.0
Paul Reed,1079974.5
Naji Marshall,1042699.5
Jordan Nwora,1232361.0
Xavier Tillman,1444034.5
Sam Merrill,1232361.0
Jae'Sean Tate,1520811.0
KJ Martin,1232361.0
Lamar Stevens,1285947.5
Nick Richards,1285947.5
Isaiah Todd,1500000.0
Omer Yurtseven,1489065.0
Saben Lee,1016882.5
JR Smith,5850984.833333333
Stanley Johnson,3355617.8571428573
Duane Washington Jr,1346676.0
Aaron Wiggins,1305761.0
Marquese Chriss,2679468.2
JT Thor,1250000.0
DeMarre Carroll,6955641.230769231
Jabari Parker,7749924.125
Alfonzo McKinnie,1568926.8
Zhaire Smith,2064550.25
Jason Preston,1062303.0
Isaiah Livers,1057260.0
Denzel Valentine,2787323.8333333335
Alize Johnson,1016439.5
Kyle Singler,2582534.4444444445
Kelan Martin,867266.6666666666
Miye Oni,1166312.6666666667
Jared Butler,925258.0
Dalano Banton,925258.0
Jock Landale,925258.0
Greg Brown,925258.0
Charles Bassey,925258.0
Vit Krejci,925258.0
Miles McBride,925258.0
Austin Reaves,925258.0
BJ Boston,925258.0
Luka Garza,925258.0
Marko Simonovic,925258.0
Ayo Dosunmu,925258.0
Daishen Nix,923078.0
Isaiah Thomas,3626137.6
Terry Taylor,895125.0
Mamadi Diakite,713479.0
Caleb Martin,1132229.3333333333
Brad Wanamaker,1405935.0
Luke Kornet,1480373.6
Wayne Selden,1015944.25
Gary Clark,1106936.25
Ryan Arcidiacono,1457295.0
Trendon Watford,768830.0
Patrick Patterson,4183291.9166666665
Devontae Cacok,427951.6666666667
Admiral Schofield,1128094.0
Ishmail Wainright,707893.0
Shaun Livingston,4136536.8235294116
Malik Fitts,347859.5
Sam Hauser,619498.0
Greg Monroe,8685833.1
Amir Coffey,422674.6666666667
Joe Wieskamp,563663.0
Keifer Sykes,558345.0
Haywood Highsmith,315496.0
Nik Stauskas,2809956.6666666665
Davon Reed,749376.6666666666
Wenyen Gabriel,961073.5
Skylar Mays,535909.5
Georgios Kalaitzakis,499852.0
RJ Nembhard,491876.0
Chris Silva,858247.0
Trent Forrest,479639.0
Kessler Edwards,463211.0
Cassius Winston,467978.5
Joel Ayayi,462629.0
Justin Champagnie,462629.0
David Johnson,462629.0
Neemias Queta,462629.0
Keljin Blevins,467978.5
Ignas Brazdeikis,1064238.3333333333
Jericho Sims,462629.0
Nathan Knight,506907.0
McKinley Wright,462629.0
Sandro Mamukelashvili,462629.0
Yves Pons,462629.0
Jay Scrubb,467978.5
Chris Chiozza,292118.25
Sean Chris Smith,462629.0
Jamorko Pickett,462629.0
Markus Howard,513391.5
Tyler Cook,425846.0
Arnoldas Kulboka,462629.0
Scottie Lewis,462629.0
David Duke,462629.0
Brodric Thomas,448527.0
Sharife Cooper,462629.0
Justin Anderson,1399810.1666666667
Theo Pinson,725727.75
Charlie Brown,248379.33333333334
Tim Frazier,1259180.5714285714
James Ennis,1986123.125
Langston Galloway,4050674.25
Kyle Guy,344788.3333333333
Sam Dekker,1826098.6
Quinndary Weatherspoon,301406.0
Brandon Goodwin,688272.25
Malcolm Hill,324373.0
Louis King,150890.0
DJ Wilson,2668700.0
Shaquille Harrison,935316.4
Justin Jackson,2965004.6
Jeff Dowtin,305761.0
Paul Watson,637047.3333333334
Trevelin Queen,303102.0
Myles Powell,300443.0
Jontay Porter,837462.6666666666
Mason Jones,371278.5
Eugene Omoruyi,281831.0
Brandon Knight,9115933.7
Justin Robinson,237335.0
Ja'Vonte Smart,265878.0
Mychal Mulder,685636.0
Tyler Johnson,4677887.125
Zylan Cheatham,621591.3333333334
Cassius Stanley,376400.5
Devon Dotson,356309.5
Marcus Garrett,236632.0
Lindell Wigginton,233973.0
Jay Huff,225997.0
Olivier Sarr,223339.0
Aaron Henry,223338.0
Freddie Gillespie,301871.0
JaQuori McLaughlin,220679.0
Rayjon Tucker,521833.0
Petr Cornelie,218021.0
Tacko Fall,330533.0
Juwan Morgan,867407.3333333334
Damyean Dotson,1347279.6
Xavier Moon,202069.0
Tyrone Wallace,579785.0
Tremont Waters,342313.0
Jaylen Hoard,137478.0
Norvel Pelle,544311.3333333334
Reggie Perry,351896.0
Devin Cannady,185578.0
Brandon Williams,239173.33333333334
DeJon Jarreau,172821.0
Moses Wright,172821.0
Matt Mooney,127777.5
Dakota Mathias,130965.5
Daulton Hommes,167504.0
Grant Riller,317757.0
Lindy Waters III,159527.0
Anthony Tolliver,2789163.769230769
Darren Collison,4463496.545454546
Ersan Ilyasova,5311068.4
Joe Johnson,14739666.666666666
CJ Miles,3926544.3333333335
Chaundee Brown,151552.0
Xavier Sneed,146233.0
Mario Chalmers,2904313.7
Anthony Lamb,181517.0
Braxton Key,127622.0
Troy Williams,622769.0
Feron Hunt,116987.0
Mac McClung,111670.0
Matt Ryan,111669.0
Emmanuel Mudiay,2920242.6666666665
Paris Bass,106352.0
Hassani Gravett,106352.0
Carlik Jones,106352.0
Cheick Diallo,1123589.8
Jordan Bell,676599.0
DJ Stewart,101034.0
Nate Hinton,284770.5
Jaylen Morris,132998.0
BJ Johnson,111184.33333333333
Scotty Hopson,457796.75
Justin James,882869.0
DaQuan Jeffries,857475.3333333334
Derrick Walton,89416.66666666667
Demetrius Jackson,472562.0
Emanuel Terry,93863.0
Jemerrio Jones,70913.5
George King,84434.5
Malik Newman,77781.0
Chris Clemons,760984.0
Cameron Oliver,154573.33333333334
Jared Harper,239342.66666666666
Gabriel Lundberg,79764.0
Jaime Echenique,53176.0
Craig Sword,53176.0
Jordan Goodwin,53176.0
Jordan Schakel,53176.0
Ade Murkey,53176.0
Jarron Cumberland,53176.0
Cameron McGriff,53176.0
MJ Walker,53176.0
Aleem Ford,53176.0
Rob Edwards,53176.0
Tyler Hall,39761.5
Javin DeLaurier,53176.0
Aric Holman,53176.0
Jon Teske,53176.0
Shaq Buchanan,53176.0
Ahmad Caver,53176.0
Jaysean Paige,53176.0
Micah Potter,53176.0
Trayvon Palmer,53176.0
Tre Scott,53176.0
Justin Tillman,53176.0
Malik Ellison,53176.0
Anthony Barber,54770.0
Luca Vildoza,1865744.5
Zavier Simpson,37223.0
Mfiondu Kabengele,1559907.0
Melvin Frazier,882764.3333333334
JJ Redick,8935183.733333332
Dion Waiters,7060071.222222222
Dante Exum,7161519.142857143
Meyers Leonard,7324704.444444444
Cristiano Felicio,6000618.5
Aron Baynes,4650467.333333333
Darius Miller,3185180.8571428573
Mike Scott,3301927.222222222
TJ Leaf,3125019.0
Patrick McCaw,2313317.6
Terrance Ferguson,2761808.0
Nicolo Melli,4229617.5
Jerome Robinson,3670692.3333333335
Jeff Teague,9181401.0
Marko Guduric,2841326.5
Vincent Poirier,2709182.0
Jared Dudley,5049868.214285715
Jose Juan Barea,3567004.2
Matthew Dellavedova,5920373.625
Anderson Varejao,7272457.857142857
Bruno Caboclo,1823454.5714285714
Jacob Evans,1981353.0
Spencer Hawes,4424400.307692308
Dzanan Musa,1966890.0
Omari Spellman,1952640.3333333333
Quinn Cook,1451017.2
Mario Hezonja,4020896.8333333335
JaKarr Sampson,973262.6666666666
Rodions Kurucs,1833569.3333333333
Thon Maker,2991033.8
Dwayne Bacon,1469211.25
Harry Giles,2221336.75
Josh Gray,631517.6666666666
Jalen Lecque,1276338.5
Alen Smailagic,1276338.5
Sindarius Thornwell,971858.75
Glenn Robinson III,1760665.857142857
Khyri Thomas,1175140.0
Guerschon Yabusele,2154717.3333333335
Iman Shumpert,6046798.444444444
Cole Aldrich,3129064.5
Jarrell Brantley,311256.0
Rondae Hollis-Jefferson,1758963.3333333333
Dakari Johnson,628059.3333333334
Jalen Harris,473328.0
Ty-Shon Alexander,473328.0
Josh Hall,473328.0
Jaylen Adams,300659.6666666667
Sean McDermott,473328.0
Kostas Antetokounmpo,213672.66666666666
Nico Mannion,473328.0
Tyler Bey,473328.0
Marques Bolden,473328.0
Adam Mokoka,278863.5
Nate Darling,473328.0
Yogi Ferrell,1792256.0
Noah Vonleh,2539089.4285714286
Andre Roberson,4916775.375
Donta Hall,252114.5
Brian Bowen,239977.5
Anzejs Pasecniks,452948.0
AJ Hammons,852533.3333333334
Karim Mane,363133.0
Will Magnay,359891.0
Greg Whittington,350165.0
Raymond Spalding,497458.0
Chasson Randle,702046.0
Justin Patton,1540887.75
Mike James,3376302.076923077
Axel Toupane,459925.3333333333
Henry Ellenson,1611408.75
Ashton Hagans,175066.0
John Henson,6487351.777777778
Jordan Bone,113523.0
Amida Brimah,129690.0
James Nunnally,298567.6666666667
Jeremiah Martin,73001.0
Jerian Grant,1441651.0
Cam Reynolds,78988.66666666667
Andrew White,56015.0
Elijah Bryant,25937.0
Caleb Homesley,21078.0
Chandler Parsons,15620629.666666666
Evan Turner,10985301.6
Ian Mahinmi,7216645.230769231
Courtney Lee,7050919.333333333
Marco Belinelli,4312106.076923077
Kyle Korver,5559948.411764706
Tyson Chandler,12176525.263157895
Thabo Sefolosha,3937665.0
Wilson Chandler,6969323.083333333
Vince Carter,11071377.636363637
Skal Labissiere,1735675.0
Ante Zizic,2116876.0
Kyle O'Quinn,2902406.0
Caleb Swanigan,1886213.6666666667
Shabazz Napier,1846419.0
Treveon Graham,1208508.0
Malcolm Miller,754513.6666666666
Nigel Williams-Goss,1591079.0
Elie Okobo,1419101.0
Ryan Broekhoff,1203459.5
Deonte Burton,1020992.5
Jordan McRae,649329.5
Dewan Hernandez,952855.0
Marvin Williams,8627553.666666666
Michael Kidd-Gilchrist,8461918.0
Troy Daniels,1961600.4285714286
Ky Bowman,371452.0
Jamal Crawford,7686822.35
Tyler Zeller,2509837.625
Dragan Bender,3751078.25
Corey Brewer,4511288.285714285
Joe Chealey,128282.5
Johnathan Williams,154118.0
JP Macura,97959.5
Sheldon Mac,721888.6666666666
Jonah Bolden,958734.0
Justin Wright-Foreman,84399.0
Tariq Owens,84399.0
Marial Shayok,84399.0
Vic Law,84399.0
Kevin Hervey,84399.0
Kenny Wooten,84399.0
Frank Mason,961369.0
Kyle Alexander,84399.0
Johnathan Motley,84457.66666666667
Naz Long,117698.66666666667
William Howard,84399.0
Michael Frazier,244435.0
Antonius Cleveland,255223.0
Josh Reaves,84399.0
Kobi Simmons,84093.33333333333
Chris Bosh,17876102.9375
Allen Crabbe,10873306.333333334
Pau Gasol,14927554.722222222
Kenneth Faried,7948611.25
Marcin Gortat,9121038.416666666
Jeremy Lin,8075216.777777778
Nikola Mirotic,9243935.6
Tyreke Evans,8791085.4
Miles Plumlee,6773217.714285715
Zach Randolph,13450542.111111112
Omer Asik,8771195.444444444
Mirza Teletovic,7474414.571428572
Kosta Koufos,4936565.636363637
Jerryd Bayless,5063702.909090909
Darrell Arthur,4206130.090909091
Lance Thomas,3411967.0
Milos Teodosic,6723848.5
Wesley Johnson,4162223.111111111
Jonathon Simmons,3760195.5
Deron Williams,12907946.857142856
Jason Smith,3549070.4166666665
Josh Smith,9241496.133333333
Alexis Ajinca,3205991.6666666665
Dirk Nowitzki,15365211.904761905
Tony Parker,11316631.555555556
Ron Baker,3492779.6666666665
Luc Mbah a Moute,3263522.727272727
Al Jefferson,10817972.933333334
Jodie Meeks,3532746.9
Alex Abrines,5687421.666666667
NenÃª,9532366.470588235
Michael Beasley,4394382.090909091
Allonzo Trier,3646491.0
Ekpe Udoh,3635871.714285714
Shelvin Mack,2519046.0
Manu Ginobili,9434208.352941176
Dante Cunningham,2175249.8
Jarell Martin,1772101.25
Georgios Papagiannis,2609663.6666666665
Amir Johnson,6633596.642857143
Raymond Felton,4966236.571428572
Dwyane Wade,14928701.5625
Zaza Pachulia,4585967.125
Jose Calderon,7381466.0
Devin Harris,6197687.933333334
Channing Frye,5879942.428571428
Omri Casspi,2112278.7
Quincy Pondexter,2766928.888888889
Jonas Jerebko,4073720.5
Salah Mejri,1369522.75
Tyler Lydon,1886554.5
Ian Clark,1228141.5
Deyonta Davis,1625704.3333333333
MarShon Brooks,1223103.2
Malachi Richardson,1661352.0
Wade Baldwin,2062746.0
Gerald Green,2135674.3333333335
Jawun Evans,1236986.0
Tyler Dorsey,1195340.5
Ivan Rabb,1269868.0
Rade Zagorac,1269868.0
Zhou Qi,1195340.5
Ike Anigbogu,1254310.0
Antonio Blakeney,770297.5
Jabari Bird,770297.5
Daniel Hamilton,770297.5
Justin Hamilton,1329516.6
Jason Thompson,3777987.4545454546
Isaiah Briscoe,904036.0
Lorenzo Brown,411669.75
Isaiah Canaan,976068.3333333334
Isaiah Whitehead,1149989.3333333333
Kalin Lucas,447951.5
John Jenkins,1220191.3333333333
Andrew Bogut,10179625.214285715
Yante Maten,415109.0
Andrew Harrison,967803.6666666666
Eric Moreland,951123.75
Nick Young,3837646.75
Okaro White,746066.3333333334
Ben Moore,162575.5
Quincy Acy,1333666.0
Jimmer Fredette,1803911.0
Terrence Jones,1636401.8333333333
Dairis Bertans,209409.0
Walter Lemon Jr,146126.0
Donatas Motiejunas,1150145.0
Justin Bibbs,99366.0
Devin Robinson,84487.0
Tyler Cavanaugh,84487.0
Jordan Loyd,83291.0
Amile Jefferson,84487.0
Troy Caupain,83291.0
Donte Grantham,83291.0
Tyler Davis,83291.0
Kadeem Allen,84487.0
Isaiah Hicks,84487.0
Trevon Bluiett,83291.0
CJ Williams,84487.0
Jared Terrell,83291.0
Bonzie Colson,83291.0
Julian Washburn,83291.0
Jarnell Stokes,448209.25
DJ Stephens,58420.5
Angel Delgado,83291.0
Trevon Duval,83291.0
Vincent Edwards,83291.0
Marcus Derrickson,83291.0
Zach Lofton,83291.0
Keenan Evans,83291.0
Archie Goodwin,1312166.4
DeVaughn Akoon-Purcell,83291.0
Thomas Welsh,83291.0
Daryl Macon,83291.0
Deng Adel,83291.0
Jalen Jones,65718.66666666667
Jaron Blossomgame,83291.0
Billy Preston,83291.0
John Holland,59841.0
Brandon Sampson,83291.0
Tyler Ulis,858152.6666666666
Rawle Alkins,83291.0
Alan Williams,1963592.75
RJ Hunter,827210.0
Alex Poythress,343363.6666666667
Charles Cooke,83940.5
Scott Machado,174684.5
Andre Ingram,66653.5
Jonathan Gibson,307083.0
Billy Garrett,72638.0
Mitch Creek,61290.0
Tarik Phillip,51074.0
Cody Demps,51074.0
Richard Solomon,51074.0
Dusty Hannahs,51074.0
Stephan Hicks,51074.0
Tahjere McCall,51074.0
Mitchell Creek,51074.0
Isaac Humphries,51074.0
Jordan Sibert,51074.0
Nikola Pekovic,10506943.5
Trevor Booker,4951893.125
Jameer Nelson,6238847.285714285
Matt Barnes,2977878.214285714
Josh McRoberts,3595290.272727273
Brandan Wright,4253607.454545454
Arron Afflalo,6444533.636363637
Richard Jefferson,8672438.0
Sean Kilpatrick,1699975.75
Paul Pierce,12987356.95
Lavoy Allen,2957499.285714286
Tarik Black,3042158.75
Mindaugas Kuzminskas,3312942.0
Ramon Sessions,3890665.5454545454
Lucas Nogueira,2385359.75
Malcolm Delaney,2795564.5
Ronnie Price,1642340.076923077
Rashad Vaughn,2202875.6666666665
Nick Collison,4990893.666666667
Jarrett Jack,4395645.769230769
Jason Terry,7386806.263157895
David West,7571092.133333334
Marreese Speights,3097985.5
Aaron Brooks,2348950.4
Luke Babbitt,1602074.375
Shabazz Muhammad,2470893.8
Jordan Crawford,1457367.0
Mike Dunleavy,6684394.0625
Joffrey Lauvergne,1901354.25
Johnny O'Bryant,944719.5
Tyler Ennis,1837812.0
Julyan Stone,849696.8
Shane Larkin,1754418.25
DeAndre Liggins,878138.4
Chris McCullough,1424446.3333333333
Josh Huestis,1424446.3333333333
Jordan Mickey,1448194.3333333333
Joseph Young,1321608.0
Willie Reed,765646.6666666666
Tony Allen,3474391.0714285714
Brice Johnson,1456274.5
Marcus Georges-Hunt,778080.0
Chinanu Onuaku,1034275.0
Paul Zipser,1150683.5
Isaiah Taylor,899862.5
Diamond Stone,1034275.0
Livio Jean-Charles,1359006.0
Bobby Brown,975562.25
Festus Ezeli,2576153.0
Gerald Henderson,4819493.444444444
Damien Wilkins,2430946.6
Brandon Paul,539691.0
Emeka Okafor,10201005.272727273
Dwight Buycks,566358.0
Joel Bolomboy,730941.0
Kyle Collinsworth,369820.5
Jeff Withey,876634.2
Kay Felder,612378.5
Leandro Barbosa,3930273.3333333335
Michael Gbinije,643659.0
Nicolas Brussino,524297.0
Brandon Jennings,5183541.444444444
CJ Watson,2531956.8181818184
Travis Wear,457787.0
Larry Drew II,153996.0
Nigel Hayes,214658.0
David Stockton,140949.0
Aaron Harrison,401081.0
Omari Johnson,189107.0
Jarell Eddie,232268.5
Rodney Purvis,183996.0
Briante Weber,317005.6666666667
Marquis Teague,929532.5
Jeremy Evans,1314392.875
Carrick Felix,552458.0
Kendrick Perkins,4939462.785714285
Milton Doyle,141141.0
Brandon Rush,2702958.7
Ty Lawson,5588484.666666667
Derrick Williams,5136544.428571428
KJ McDaniels,2019633.0
Tim Quarterman,359788.0
Jaylen Johnson,97108.0
CJ Fair,91997.0
Michael Young,85683.0
Erik McCree,85683.0
Nate Wolters,435969.25
Eric Griffin,85683.0
Matt Costello,71023.5
Darrun Hilliard,584921.0
Jack Cooley,129590.0
CJ Wilcox,1008657.5
Alec Peters,85683.0
James Young,1511061.25
Jacob Pullen,85683.0
James Michael McAdoo,612249.25
Jamel Artis,85683.0
Adreian Payne,1671923.5
Anthony Brown,612557.0
Marshall Plumlee,349164.5
Xavier Munford,113172.5
Matt Williams,85683.0
Myke Henry,85683.0
Vince Hunter,85683.0
Vander Blue,57993.666666666664
Jamil Wilson,85683.0
Markel Brown,542045.6666666666
Reggie Hearn,85683.0
Luis Montero,341757.5
Gian Clavell,85683.0
London Perrantes,85683.0
Marcus Paige,113296.5
Mangok Mathiang,85683.0
James Webb,79478.0
Jacob Wiley,85683.0
Yakuba Ouattara,85683.0
Josh Magette,85683.0
Xavier Silas,82253.0
Daniel Ochefu,334052.0
Bronson Koenig,55458.0
VJ Beachem,55458.0
Landry Nnoko,55458.0
Trey McKinney-Jones,51109.0
Aaron Jackson,51109.0
Jameel Warney,51109.0
Marcus Thornton II,51109.0
Kris Humphries,6102946.615384615
Tiago Splitter,7783605.142857143
Kevin Garnett,22378418.714285713
Boris Diaw,7133993.857142857
Rodney Stuckey,5731064.5
Sergio Rodriguez,2727540.0
Carl Landry,5761047.9
Tim Duncan,16321614.95
Jared Sullinger,2737658.8
Roy Hibbert,9123051.444444444
Luis Scola,5656236.7
Greivis Vasquez,3750733.714285714
Jordan Hill,4679011.5
Mike Miller,7477716.764705882
Anthony Morrow,3177300.3333333335
Kevin Martin,7729028.538461538
Tibor Pleiss,3115211.5
Martell Webster,4811075.083333333
Randy Foye,3761974.909090909
Alonzo Gee,2151557.8571428573
Maurice Williams,5972495.785714285
Kevin Seraphin,2712754.0
David Lee,9316707.583333334
Caron Butler,7100224.933333334
Steve Novak,2272510.727272727
Metta World Peace,6131176.555555556
Brandon Bass,3937891.5
James Jones,2501958.3076923075
Chris Andersen,3773496.5
Mitch McGary,1660650.0
Marcelo Huertas,1144379.5
Jordan Adams,1594316.6666666667
Sasha Vujacic,2803669.3
Sasha Kaun,1477952.5
Marcus Thornton,5190395.5
Alan Anderson,1476616.7142857143
Hollis Thompson,963648.75
Rakeem Christmas,1166408.0
Thomas Robinson,2918766.2
Pablo Prigioni,1422202.0
Brian Roberts,1805620.2
Anthony Bennett,4729185.75
Walter Tavares,1136287.5
Damjan Rudez,1222630.6666666667
Louis Amundson,1839470.857142857
Beno Udrih,4198827.307692308
Nick Johnson,881893.0
Elton Brand,12348663.722222222
Stephen Zimmerman,1070920.0
Ryan Kelly,1304613.5
Joel Anthony,2771486.2
John Lucas,899946.0
Toney Douglas,1575687.5
Semaj Christon,612646.0
Maurice Ndour,605239.0
Kyle Wiltjer,612646.0
Arinze Onuaku,220028.33333333334
Norris Cole,1729164.3333333333
Ben Bentil,317858.0
Yi Jianlian,2946713.6666666665
Elliot Williams,907931.0
Lamar Patterson,435860.0
Nicolas Laprovittola,230643.0
Reggie Williams,1624857.7142857143
Pierre Jackson,535059.5
Shawn Long,174179.0
Robbie Hummel,580863.3333333334
Mike Tobey,156621.0
Patricio Garino,148765.0
Jarrod Uthoff,146456.0
Manny Harris,248521.5
Ray McCallum,725445.0
Isaiah Cousins,112728.0
JP Tokoto,112728.0
Stefan Jankovic,112728.0
Egidijus Mockevicius,112728.0
Jordan Farmar,2183383.8181818184
Prince Ibeh,87082.0
Quincy Ford,84546.0
Henry Sims,451894.6
Kaleb Tarczewski,84546.0
Keith Benson,84546.0
Gary Neal,1817961.857142857
Thomas Walkup,78346.0
Zach Auguste,67637.0
Brady Heslip,63691.0
EJ Singler,56364.0
Dionte Christmas,302361.0
Elgin Cook,56364.0
Scott Wood,56364.0
DJ Kennedy,56364.0
Beau Beech,50727.0
Phil Pressey,673793.5
Nikola Jovanovic,33818.0
Tony Wroten,1348715.2
Nick Zeisloft,28182.0
Dahntay Jones,1948048.0
Kobe Bryant,21227234.1
Gerald Wallace,8467122.533333333
OJ Mayo,6836122.75
JJ Hickson,3926365.75
Chase Budinger,3028253.5714285714
Chris Kaman,8292145.846153846
Drew Gooden,6761952.785714285
Kirk Hinrich,6936599.153846154
Sonny Weems,1436351.75
Furkan Aldemir,3129598.5
Kendall Marshall,1598641.5
Steve Blake,3508730.3076923075
Danny Granger,7839908.636363637
Perry Jones,1523474.0
DeJuan Blair,1471651.7142857143
Zoran Dragic,2001061.5
Sergey Karasev,1759287.3333333333
Matt Bonner,3106860.8333333335
Rasual Butler,2474646.6153846155
Tayshaun Prince,7269359.357142857
Amare Stoudemire,14568970.42857143
Samuel Dalembert,7603834.2
Charlie Villanueva,5751460.636363637
Andre Miller,7550046.235294118
Andrea Bargnani,8858632.9
Aaron Gray,1622006.375
Cartier Martin,918214.7142857143
PJ Hairston,1339240.0
Tyler Hansbrough,2838480.5714285714
Chris Copeland,2232180.75
Jared Cunningham,1355366.0
James Anderson,1349714.0
Joey Dorsey,1085100.8
Donald Sloan,772120.4
Robert Sacre,909814.25
Christapher Johnson,928189.3333333334
Gal Mekel,887238.3333333334
Damien Inglis,954094.5
Devyn Marble,985414.5
Cleanthony Early,770227.0
Russ Smith,770227.0
Shayne Whittington,770227.0
Cameron Bairstow,770227.0
Kostas Papanikolaou,3190110.0
Ryan Hollins,1614626.3
Duje Dukan,597832.0
Cliff Alexander,597832.0
Branden Dawson,597832.0
Cory Jefferson,495738.5
Elijah Millsap,372711.5
Nazr Mohammed,4899288.333333333
Jorge Gutierrez,526158.3333333334
Jeff Ayres,1300192.5
Andrew Goudelock,283845.3333333333
Scottie Wilbekin,227705.0
Erick Green,402686.5
Greg Smith,719959.2
Jordan Hamilton,1127053.4
Orlando Johnson,565322.3333333334
Jonathan Holmes,113852.0
Bryce Cotton,143344.0
Justin Harper,528558.0
Alex Stepheson,105497.0
Chuck Hayes,3683179.1
Keith Appling,70332.0
Bryce Dejean-Jones,70332.0
Coty Clarke,70331.0
Quincy Miller,497425.5
JJ O'Brien,35165.0
Nate Robinson,2754411.090909091
Dorell Wright,2953848.4166666665
Carlos Boozer,14105110.538461538
Brandon Roy,12751923.888888888
Brendan Haywood,6201115.214285715
Steve Nash,10259812.52631579
Tyrus Thomas,7441833.222222222
Landry Fields,4639344.8
Marcus Camby,9708476.684210526
Glen Davis,5158867.875
Al Harrington,7465710.05882353
Josh Childress,6257519.222222222
Travis Outlaw,5041041.090909091
Jason Richardson,9696655.214285715
Ben Gordon,9503121.0
Andrei Kirilenko,9859952.5
Carlos Delfino,3049410.2
Alexey Shved,3595920.0
Joel Freeland,3486003.0
Will Bynum,2942999.8571428573
Luke Ridnour,4740319.75
Eric Maynor,2128418.1666666665
Vitor Faverani,2354794.0
Anthony Randolph,2355893.285714286
Reggie Evans,3160078.4615384615
Gigi Datome,2015559.5
Ronny Turiaf,3108182.5555555555
Miroslav Raduljica,1194878.0
Willie Green,2672322.272727273
Hidayet Turkoglu,7235608.133333334
Shawn Marion,11116968.5
Jannero Pargo,1402606.9090909092
Victor Claver,1524324.6666666667
Sebastian Telfair,2485046.5
Francisco Garcia,3820921.7
Jason Maxiell,3513685.8
Austin Daye,2121746.6666666665
Bernard James,971566.0
Pero Antic,1410596.5
Shavlik Randolph,856361.875
Jeff Adrien,796046.6
Shawne Williams,2125358.222222222
Arnett Moultrie,1265541.6666666667
Nemanja Nedovic,1244160.5
Xavier Henry,2036421.4
Toure Murry,855145.0
John Salmons,5459875.461538462
Greg Stiemsma,2049557.0
Ricky Ledo,867471.0
Jeffery Taylor,870801.3333333334
Chris Douglas-Roberts,715648.3333333334
Jamaal Franklin,803995.0
Kenyon Martin,10061146.8
Grant Jerrett,930738.0
Tony Mitchell,750546.0
Tony Mitchell,482144.0
Nick Calathes,750546.0
Ognjen Kuzmic,750546.0
Jerome Jordan,750401.5
Darius Morris,923672.75
Malcolm Thomas,491834.5
Patric Young,578331.0
AJ Price,878137.8333333334
Glen Rice Jr,553448.0
Earl Barron,589795.8571428572
Henry Walker,817279.4
Andre Dawkins,309717.0
Shannon Brown,2008579.111111111
Alex Kirk,244939.0
Brandon Davies,359088.0
Earl Clark,2112265.8333333335
Lester Hudson,287498.3333333333
Will Cherry,121479.0
Jabari Brown,119066.0
Jarvis Varnado,273325.0
Drew Gordon,83964.0
Jerel McNeal,70301.0
Chris Babb,107894.0
Malcolm Lee,515738.3333333333
Sim Bhullar,39897.0
David Wear,34019.0
Josh Davis,389614.5
Gilbert Arenas,15894667.538461538
Andray Blatche,5229647.333333333
Andris Biedrins,7685938.4
Andrew Bynum,10007544.111111112
Keith Bogans,2144282.909090909
Linas Kleiza,3580804.125
Quentin Richardson,5915088.285714285
Jan Vesely,3897289.6666666665
Shane Battier,5690732.076923077
Ray Allen,14177557.166666666
Kwame Brown,6604165.461538462
Chauncey Billups,8341373.411764706
Jermaine O'Neal,12771921.722222222
Royce White,2007988.0
Chris Singleton,1888180.0
Vyacheslav Kravtsov,1760650.5
Chris Duhon,4195856.4
Gustavo Ayon,1802687.3333333333
Nando De Colo,1679925.5
Earl Watson,4281663.076923077
Derek Fisher,4894513.722222222
Rashard Lewis,12647416.0
Antawn Jamison,12037985.0
Fab Melo,1505630.5
Roger Mason,1714442.0909090908
Ronnie Brewer,3055200.625
Hasheem Thabeet,4041552.6
Greg Oden,5080585.0
Richard Hamilton,9992661.8
BJ Mullens,1646637.2
Chris Johnson,697602.25
Josh Harrellson,674553.3333333334
Doron Lamb,843741.5
Tornike Shengelia,739317.0
Diante Garrett,698821.5
Jeremy Tyler,777475.3333333334
Ryan Gomes,3001135.5555555555
Peyton Siva,570354.0
Solomon Jones,988994.0
Erik Murphy,530094.0
Jason Collins,3530330.230769231
Daniel Orton,986198.5
Maalik Wayns,408482.0
Hilton Armstrong,2079894.6666666667
Stephen Jackson,6306321.142857143
Hamed Haddadi,1555612.0
Chris Smith,214721.0
James Southerland,181170.0
Jamaal Tinsley,4286953.769230769
Chris Wright,255010.0
Damion James,780634.25
Dexter Pittman,661191.0
Othyus Jeffers,121048.0
Elias Harris,116356.0
Royal Ivey,1043903.7
Melvin Ely,2105726.111111111
Casper Ware,80519.0
Darius Johnson-Odom,142441.5
Mustafa Shakur,82883.5
Shane Edwards,33550.0
Baron Davis,13984974.285714285
Corey Maggette,8355362.928571428
Lamar Odom,11081195.5
DeSagana Diop,5044027.666666667
Darko Milicic,6904473.7
Luke Walton,4242456.8
Daniel Gibson,3881897.5714285714
Hakim Warrick,3305829.375
Daequan Cook,2638922.8333333335
Matt Carroll,4126615.5555555555
Johan Petro,2461430.75
Raja Bell,3949787.5
Jason Kidd,14912065.352941176
DeShawn Stevenson,2825692.5384615385
Rodrigue Beaubois,1730362.0
Grant Hill,11705152.05882353
Renaldo Balkman,1959175.2857142857
Gary Forbes,1390608.6666666667
Jared Jeffries,4796601.909090909
Keyon Dooling,3158185.923076923
Nolan Smith,1618271.5
Kurt Thomas,5418666.705882353
Rasheed Wallace,14176207.75
Joel Przybilla,4541786.769230769
Vladimir Radmanovic,4712963.75
Jerry Stackhouse,6995228.882352941
Chris Wilcox,4637473.181818182
Jeremy Pargo,1379616.5
Dominique Jones,1443837.0
Aleksandar Pavlovic,2552946.4
Marquis Daniels,4832541.6
Delonte West,2329781.3333333335
Lazar Hayward,1341809.0
Dominic McGuire,1016719.1666666666
Christian Eyenga,1327925.0
JaJuan Johnson,1290592.5
Josh Howard,5135239.0
Luke Harangody,918719.0
Devin Ebanks,913040.3333333334
Mickael Pietrus,4431266.8
Jon Brockman,1052639.5
Kelenna Azubuike,2355872.1666666665
Ivan Johnson,854639.0
James White,1053566.0
Will Conroy,373370.6666666667
Tyler Honeycutt,969612.5
Brad Miller,8238434.533333333
Charles Jenkins,736242.0
Trey Thompkins,736242.0
Josh Selby,782220.0
Cory Higgins,736242.0
Sam Young,1046207.5
Kevin Murphy,560734.0
Luke Zeller,560734.0
DeQuan Jones,560734.0
Ben Hansbrough,560734.0
Kim English,560734.0
Tyshawn Taylor,560734.0
Mickael Gelabale,885097.6666666666
Jordan Williams,533667.0
Kevin Jones,461749.0
Juwan Howard,13346339.705882354
Samardo Samuels,650423.3333333334
Terrel Harris,465516.0
Micheal Eric,355192.0
Terrence Williams,2139554.0
Travis Leslie,459570.5
DJ White,1321178.8
Troy Murphy,7187206.166666667
Kris Joseph,267171.0
DaJuan Summers,525237.75
Chris Quinn,876769.5
Tim Ohlbrecht,168220.0
Tracy McGrady,14097089.9375
Justin Dentmon,53083.0
Josh Akognon,49475.0
Eddy Curry,7724688.166666667
Mehmet Okur,9493040.1
James Posey,5857335.153846154
Andres Nocioni,7473751.75
Charlie Bell,3155781.125
Jonny Flynn,3943103.3333333335
Jeff Foster,5154459.384615385
Eduardo Najera,4146953.8333333335
Antonio McDyess,10542732.375
Anthony Parker,3422656.4444444445
Ben Wallace,7520596.125
Rudy Fernandez,1748125.25
Donte Greene,1584891.0
Craig Brackins,1660103.0
Anthony Carter,2029243.5833333333
Jamaal Magloire,4513378.083333333
Tony Battie,5416107.6
Mike Bibby,10569706.642857144
Eddie House,1706487.3333333333
Brian Cardinal,4344433.083333333
Brian Scalabrine,2405540.8181818184
Michael Redd,11114362.0
Maurice Evans,2097661.5555555555
Jason Kapono,4033549.3333333335
Brian Cook,2536832.777777778
TJ Ford,6248094.888888889
Craig Smith,1960705.6666666667
Von Wafer,826149.5
Shelden Williams,2614341.8333333335
Sean Williams,1713937.0
Derrick Brown,851629.3333333334
Sundiata Gaines,591813.0
Erick Dampier,8591340.6875
Solomon Alabi,979432.0
Andy Rautins,848726.0
Armon Johnson,753894.0
Semih Erden,753894.0
Bobby Simmons,6003299.636363637
Ryan Reid,571745.0
Vernon Macklin,570065.0
Larry Hughes,8862191.846153846
Walker Russell,450522.0
Francisco Elson,1823791.7777777778
Hamady N'Diaye,457929.5
Derrick Caracter,457929.5
Mickell Gladness,298828.0
Darington Hobson,212225.5
Jeff Foote,271237.0
Carldell Johnson,202259.0
Mychel Thompson,202259.0
Dennis Horner,110307.0
Larry Owens,86515.5
Brian Skinner,2499960.714285714
Ike Diogu,2026838.4285714286
Ben Uzoh,332149.0
Andre Emmett,507402.6666666667
Garret Siler,325950.5
Courtney Fortson,50565.0
Yao Ming,13571764.555555556
Predrag Stojakovic,10968915.166666666
Marko Jaric,6375778.777777778
Dan Gadzuric,5424677.666666667
Morris Peterson,5063490.0
Nenad Krstic,3758944.1428571427
Marcus Banks,4261585.0
Darius Songaila,4112600.125
Jamario Moon,2161012.5
Julian Wright,2667817.0
Al Thornton,2565404.0
David Andersen,3006728.5
Jason Williams,6053698.461538462
Earl Boykins,1935928.5833333333
Zydrunas Ilgauskas,11961831.466666667
Joe Smith,5675319.8
Theo Ratliff,9894548.8
Shaquille O'Neal,26808200.4
Sean Marks,1091698.1666666667
Malik Allen,1714286.5
Carlos Arroyo,3065428.3333333335
Etan Thomas,5471609.545454546
Quinton Ross,1109723.0
Kyrylo Fesenko,1108809.5
Josh Powell,1033373.0
Didier Ilunga-Mbenga,1982606.7142857143
Antoine Wright,2077899.5
Luther Head,1503163.0
Fabricio Oberto,3651654.0
Joey Graham,1902170.3333333333
Stephen Graham,799647.6666666666
Leon Powe,936823.6
Acie Law,2236932.25
Darnell Jackson,850460.6666666666
Jermaine Taylor,943302.5
Rodney Carney,1578390.0
Jarron Collins,2034998.0
Willie Warren,623256.0
Gani Lawal,590397.0
Pooh Jeter,590353.0
Da'Sean Butler,590353.0
Terrico White,590353.0
Sherron Collins,590353.0
Pape Sy,590353.0
Pops Mensah-Bonsu,474297.3333333333
Jawad Williams,544036.6666666666
Ime Udoka,1005403.4
Zabian Dowdell,302122.0
Joe Alexander,2116918.3333333335
Trey Johnson,172143.0
Maurice Ager,970670.0
Matt Janning,72925.0
Ronald Dupree,815154.6
Cuttino Mobley,7743898.0
Darius Miles,8450408.2
Kenny Thomas,6720512.545454546
Mark Blount,5926531.2
Tim Thomas,10830160.0
Shareef Abdur-Rahim,11564020.307692308
Jerome James,6105582.0
Matt Harpring,5546571.666666667
Antonio Daniels,5363213.615384615
Adam Morrison,5424858.0
Speedy Claxton,4994230.4
Rafer Alston,3417040.909090909
Trenton Hassell,4101267.4444444445
Steven Hunter,3349994.3333333335
Mark Madsen,2130260.7
Mikki Moore,3169072.5454545454
Michael Finley,14179624.857142856
Ricky Davis,5005244.0
Anthony Johnson,2242949.5
Chucky Atkins,4405104.0
Brent Barry,5516786.928571428
Jarvis Hayes,2579507.0
Josh Boone,1746231.25
Bruce Bowen,3253876.769230769
Radoslav Nesterovic,5874662.333333333
Ronald Murray,1598082.5
Mardy Collins,1525980.0
Travis Diener,1521152.6
Patrick O'Bryant,2388534.0
Devean George,3702305.909090909
Oleksiy Pecherov,1833591.6666666667
Javaris Crittenton,1751007.3333333333
Adonal Foyle,6871431.0
Kevin Ollie,2333757.4166666665
Lindsey Hunter,3332100.0714285714
Allen Iverson,15767541.92857143
Primoz Brezec,2295666.375
Devin Brown,1373718.375
Alando Tucker,1269744.3333333333
James Singleton,1025137.0
JR Giddens,1242223.5
Greg Buckner,3706193.090909091
Yakhouba Diawara,931484.0
Sean May,2287989.6
Kyle Weaver,1049227.5
Marcus Williams,1417703.25
Randolph Morris,1041274.3333333334
Marcus Haislip,2083202.0
Jonathan Bender,5636071.5
Malik Hairston,681782.0
Nathan Jawai,738292.0
Chris Hunter,796666.0
Kareem Rush,1711035.5714285714
Jason Hart,1736269.2222222222
Taylor Griffin,576397.0
Marcus Landry,576397.0
Mario West,667743.6666666666
Coby Karl,502236.5
Othello Hunter,468189.5
Roko Ukic,967025.0
Ryan Bowen,1142592.6363636365
Mike Wilks,870130.625
Antonio Anderson,176309.0
Quincy Douby,1320192.0
Paul Davis,489571.0
Desmond Mason,5168696.4
Mike Harris,81849.0
Cedric Jackson,67811.0
Chris Richard,305798.0
JamesOn Curry,295467.5
Stephon Marbury,16580887.461538462
Steve Francis,14258992.1
Wally Szczerbiak,10287829.7
Raef LaFrentz,10711733.090909092
Antoine Walker,12198865.461538462
Malik Rose,5518911.384615385
Eric Snow,5577015.0
Donyell Marshall,7704119.230769231
Bobby Jackson,4286011.5
Stromile Swift,6725308.888888889
Damon Jones,2691357.727272727
Jorge Garbajosa,5212949.0
Robert Swift,3035848.4
Rashad McCants,2480944.0
Jackie Butler,2434041.0
Chris Mihm,3979832.6666666665
Damon Stoudamire,11435404.923076924
Maceo Baston,1381124.0
Saer Sene,2721709.3333333335
Tyronn Lue,2729954.8181818184
Brevin Knight,4348550.25
Eddie Jones,11083202.307692308
Walter Herrmann,2476225.0
Cedric Simmons,2105889.0
Adrian Griffin,1284925.9
Smush Parker,1438037.1666666667
Justin Reed,1403084.2
Calvin Booth,5556422.0
Jacque Vaughn,1369459.25
Sam Cassell,6320886.769230769
Lorenzen Wright,6315180.923076923
Michael Ruffin,1383712.4444444445
Morris Almond,1327293.0
Juan Dixon,2433923.1428571427
Keith McLeod,1264271.8
Jake Voskuhl,1895077.888888889
Juaquin Hawkins,765777.5
Cheikh Samb,773681.0
Tarence Kinsey,609754.3333333334
Anthony Roberson,635012.6666666666
Dikembe Mutombo,15473342.0
Jeremy Richardson,766878.0
Willie Solomon,695737.0
Alex Acker,854750.3333333334
Gabe Pruitt,865542.0
Thomas Gardner,507881.5
Fred Jones,2717886.5714285714
Austin Croshere,6784556.5
Mike Taylor,620834.0
Sun Yue,548959.0
Walter Sharpe,548959.0
Sean Singletary,548959.0
Rob Kurz,532814.0
Jermareo Davidson,540957.0
Eddie Gill,713603.5
Hassan Adams,460816.5
Dee Brown,3825971.285714286
Courtney Sims,187745.5
DeMarcus Nelson,226042.0
Steven Hill,184062.0
Blake Ahearn,155906.0
Linton Johnson,665742.5
Andre Brown,461775.3333333333
Demetris Nichols,333082.0
Desmon Farmer,236360.0
Richard Hendrix,71042.0
Dwayne Jones,627366.0
Chris Webber,20768541.666666668
Aaron McKie,6063441.333333333
Jerome Williams,6157788.333333333
Troy Hudson,3700989.0
Alvin Williams,6045885.0
Keith Van Horn,13215542.9
Gordan Giricek,4380157.333333333
Dan Dickau,2604225.6666666665
Bob Sura,5569571.916666667
Pat Garrity,3267348.6
Robert Horry,6213042.666666667
Ira Newble,3112187.5714285714
Michael Doleac,2875372.9
Eddie Griffin,3091458.0
Alonzo Mourning,16912090.25
Bostjan Nachbar,2692244.8333333335
Othella Harrington,3224161.090909091
Kirk Snyder,2264161.0
Bonzi Wells,5755572.7
Vassilis Spanoulis,2472668.0
Viktor Khryapa,1768955.25
Aaron Williams,2881311.6666666665
Kosta Perovic,2347243.0
David Harrison,1499906.5
Darrick Martin,1132139.625
Eric Piatkowski,3220494.9166666665
Jeff McInnis,2879031.7
Derek Anderson,7785063.7272727275
Darrell Armstrong,3467803.9166666665
Scot Pollard,5132833.909090909
Bernard Robinson,1048917.75
Mile Ilic,1098963.0
Justin Williams,737564.0
Casey Jacobsen,1117324.8
Salim Stoudamire,980043.3333333334
Billy Thomas,1011174.0
Bobby Jones,780585.5
Awvee Storey,648472.3333333334
James Augustine,724557.0
David Noel,724557.0
Alexander Johnson,724557.0
Marcus Vinicius,724557.0
Andre Owens,786588.3333333334
Richie Frahm,839092.25
Juan Carlos Navarro,701682.0
Arvydas Macijauskas,1604592.6666666667
Clifford Robinson,6557220.666666667
D.J. Strawberry,557030.0
Herbert Hill,557030.0
Adam Haluska,557030.0
Taurean Green,557030.0
Nick Fazekas,557030.0
Anfernee Hardaway,15312117.363636363
Ruben Patterson,5343559.3
Luke Jackson,2138804.0
Keith Langford,355106.0
Kaniel Dickens,368188.25
David Wesley,4024003.0
Bo Outlaw,4847107.666666667
Darius Washington,201924.0
Jelani McCoy,772585.625
Brandon Wallace,170591.0
Darryl Watkins,142739.0
Orien Greene,515645.0
Guillermo Diaz,73110.0
Stephane Lasme,62666.0
DerMarr Johnson,1983757.5714285714
Brian Grant,14621553.363636363
Jalen Rose,13397573.0
Maurice Taylor,7811989.7
PJ Brown,9201720.090909092
Shandon Anderson,6611373.363636363
Danny Fortson,6220813.6
Corliss Williamson,5634292.818181818
Vin Baker,12695069.363636363
Marc Jackson,5080378.857142857
Shawn Bradley,8390193.181818182
Eric Williams,5347133.181818182
Sarunas Jasikevicius,5471916.0
Vitaly Potapenko,5564972.454545454
Dale Davis,9455718.909090908
Zeljko Rebraca,4913095.666666667
Iakovos Tsakalidis,2600886.8571428573
Mike Sweetney,3031344.5
Rafael Araujo,3105957.0
Zarko Cabarkapa,2134178.75
Tariq Abdul-Wahad,5691577.9
Yaroslav Korolev,2417258.5
Shammond Williams,1805035.6666666667
Scott Padgett,1361425.25
Julius Hodge,1629085.5
Alan Henderson,6928731.818181818
Gary Payton,13118052.818181818
Michael Olowokandi,6331862.666666667
John Edwards,1131630.3333333333
Kelvin Cato,6928852.7
Jumaine Jones,1776686.5
Wayne Simien,1230568.5
Mario Kasun,911965.6666666666
Boniface N'Dong,840391.0
Pat Burke,886694.3333333334
James Lang,1032861.0
Dajuan Wagner,2986512.75
Jamal Sampson,878937.0
Pape Sow,815088.0
Ha Seung-Jin,946727.5
Andre Barrett,774405.0
Donell Taylor,723223.0
Bracey Wright,723223.0
Lynn Greer,889418.0
Lawrence Roberts,723223.0
Daniel Ewing,759010.0
Rawle Marshall,723223.0
Chris Taft,740684.0
Martynas Andriuskevicius,723223.0
Esteban Batista,723223.0
Stanislav Medvedenko,2132449.5714285714
Pavel Podkolzin,1306314.6666666667
Roger Powell,552655.0
Brian Chase,552655.0
Uros Slokar,552655.0
Damir Markota,552655.0
Robert Hite,552655.0
Will Blalock,552655.0
Ivan McFarlin,552655.0
Allan Ray,552655.0
Cedric Bozeman,552655.0
Jared Reiner,474064.3333333333
Junior Harrington,682074.3333333334
Peter John Ramos,765511.0
Loren Woods,837618.3333333334
Howard Eisley,5062489.545454546
Steven Smith,215670.0
Andreas Glyniadakis,215670.0
Chris McCray,215670.0
Doug Christie,6488748.2727272725
Mike Gansey,200859.0
Zoran Planinic,1183645.75
Matt Freije,370265.5
Mike Hall,181972.0
Pat Carroll,147296.0
Sergey Monya,776854.5
Paul Miller,133906.0
Jimmie Hunter,133906.0
Ndudi Ebi,999723.25
Dijon Thompson,338169.5
Robert Whaley,334102.5
Daniel Horton,100429.0
Jefferson Sobral,100429.0
Vincent Grier,93734.0
Kevin Burleson,325381.0
Luke Schenscher,73648.0
Kevin Pittsnogle,66953.0
Renaldo Major,26959.0
Allan Houston,17428908.8
Antonio Davis,13000408.1
Jamal Mashburn,10382810.1
Lamond Murray,6017725.3
Todd MacCulloch,5857830.571428572
Clarence Weatherspoon,5983746.5
Reggie Miller,13792996.5
Eddie Robinson,6061229.0
Greg Ostertag,7306537.1
Moochie Norris,4031194.4285714286
Evan Eschmeyer,3573317.0
Voshon Lenard,3961490.6
Tony Delk,3019170.7
George Lynch,3611003.3
Jim Jackson,3710194.3
Jiri Welsch,2224935.25
Toni Kukoc,8380252.1
Vlade Divac,12041770.0
Derrick Coleman,11296763.7
Curtis Borchardt,2006089.75
Charlie Ward,5090427.2
Jon Barry,2667212.6
Ibo Kutluay,2375059.0
Fred Hoiberg,1550880.1
Wesley Person,6789848.7
Calbert Cheaney,3656032.9
Ron Mercer,6008228.666666667
Raul Lopez,1414358.5
Jason Collier,2070374.2
Reece Gaines,2086158.6666666667
Troy Bell,1981811.0
Milt Palacio,1044248.7142857143
Jermaine Jackson,828773.0
Nick Van Exel,10642450.1
Stacey Augmon,3631210.6
Ervin Johnson,4680188.0
Bryon Russell,3967799.3
Walter McCarty,2373989.3
Rick Brunson,1020391.125
Maciej Lampe,1257442.6666666667
Lee Nailon,866479.6
Terence Morris,860842.6666666666
Michael Bradley,1525225.8
Charles Smith,3783660.1428571427
Nikoloz Tskitishvili,3264029.5
Laron Profit,873022.8
Lonny Baxter,821854.75
Romain Sato,752281.0
Jackson Vroman,752281.0
Lionel Chalmers,798629.5
Antonio Burks,724131.5
Donta Smith,752578.0
Qyntel Woods,1372847.5
Devin Green,557028.0
Eddie Basden,557028.0
Samaki Walker,2530629.8
Gerald Fitch,502683.0
Zendon Hamilton,709041.2
Mateen Cleaves,1538049.8
John Thomas,1017269.5
Dion Glover,1440331.6666666667
Aaron Miles,217376.0
Sean Banks,210583.0
James Thomas,207715.0
Sharrod Ford,163032.0
Deng Gai,129067.0
Anthony Goldwire,295110.6
Randy Holcomb,72684.0
Matt Walsh,54344.0
Ben Handlogten,295858.0
Melvin Sanders,33965.0
Alex Scales,33965.0
Latrell Sprewell,16287262.777777778
Glenn Robinson,12715506.666666666
Kerry Kittles,9478480.333333334
Christian Laettner,8659351.222222222
Jahidi White,6363276.333333333
Scottie Pippen,16134628.888888888
Rick Fox,4909114.222222222
Michael Stewart,4812546.375
Anthony Mason,6782013.0
Elden Campbell,10882388.888888888
Jason Caffey,5749868.888888889
Chris Crawford,3098900.625
Matt Maloney,3320582.25
Arvydas Sabonis,10460250.857142856
Rodney Rogers,4051876.4444444445
Tom Gugliotta,12527743.222222222
Predrag Drobnjak,2218811.25
Andrew DeClercq,3035203.0
Lucious Harris,3199220.222222222
Kedrick Brown,2688631.5
Rodney White,2697491.0
Jerome Moiso,2425828.6
Cezary Trybanski,2355543.6666666665
Erick Strickland,2299568.888888889
Anthony Peeler,3524108.3333333335
Scott Williams,4418792.666666667
Robert Traylor,2628166.1428571427
Jay Williams,4307509.333333333
Daniel Santiago,1218994.25
Kevin Willis,3060605.0
Nate Huffman,1249503.0
Ryan Humphrey,1683115.0
John Amaechi,2347844.5
Tony Massenburg,1859780.3333333333
Vladimir Stepania,1259946.0
Avery Johnson,5980299.111111111
Steve Smith,9315405.0
Kenny Anderson,8668843.444444444
Travis Best,3103160.777777778
Frank Williams,1317462.3333333333
Darvin Ham,1319575.75
Amal McCaskill,792588.8571428572
Kendall Gill,5484343.888888889
Chris Jefferies,1237090.6666666667
Bruno Sundov,980474.5714285715
Mark Pope,850773.375
Michael Curry,2459562.4444444445
Mamadou N'diaye,1182315.75
Wang Zhizhi,2131018.0
Ansu Sesay,860831.6666666666
Rodney Buford,635680.2
Marcus Fizer,3851483.4
Aleksandar Radojevic,1942906.5
Jamison Brewer,814453.0
Tierre Brown,769641.5
Jabari Smith Sr,796623.25
Tamar Slay,785645.3333333334
Brandon Hunter,715376.0
Alex Garcia,715376.0
Jerome Beasley,715376.0
Tommy Smith,888054.0
Theron Smith,715376.0
Efthimios Rentzias,1154440.0
Erik Daniels,551809.0
Luis Flores,551809.0
Horace Jenkins,551809.0
Arthur Johnson,551809.0
Corsley Edwards,457597.0
Tony Bobbitt,437410.0
Yuta Tabuse,154776.0
Courtney Alexander,1971164.6
Tremaine Fowlkes,610572.3333333334
Geno Carlisle,94211.0
Britton Johnsen,65581.0
Anthony Miller,282827.8
Shawn Kemp,16833264.375
Terrell Brandon,10808858.875
Glen Rice,10754002.5
Chris Mills,6840359.5
Hakeem Olajuwon,16575632.25
Michael Dickerson,4345101.666666667
Keon Clark,3869826.8333333335
Travis Knight,4429940.0
Lawrence Funderburke,3558577.4285714286
Eric Montross,3350021.25
Hubert Davis,2611784.25
Cory Alexander,2599354.4285714286
Bimbo Coles,3258312.75
Corie Blount,2387941.75
Dalibor Bagaric,1544352.25
Karl Malone,16587332.0
Mark Jackson,5446205.0
Kirk Haston,1912276.6666666667
Bryce Drew,1828316.3333333333
Chris Childs,5293157.5
Jeryl Sasser,1501878.0
Joseph Forte,1518979.6666666667
Chris Whitney,2730461.375
Sean Rooks,2887172.875
Horace Grant,11539502.875
Olden Polynice,3591502.0
Popeye Jones,2823945.285714286
Monty Williams,1473352.2857142857
Brandon Armstrong,1399919.0
Robert Pack,5221786.0
Gary Trent,2092137.5
Rod Strickland,7619554.857142857
Mitchell Butler,838574.3333333334
John Wallace,2364014.5714285714
Doug Overton,807387.0
Obinna Ekezie,751256.0
Oliver Miller,819702.0
Ruben Boumtje-Boumtje,754503.0
Donnell Harvey,1313675.0
Pepe Sanchez,789435.0
Jeff Trepagnier,726312.0
Mengke Bateer,857799.0
Dan Langhi,747696.75
Alton Ford,716247.3333333334
Sam Clancy,680732.0
Robert Archibald,680732.0
JR Bremer,680732.0
Muggsy Bogues,2437353.375
Josh Moore,542698.0
Jon Stefansson,542698.0
Travis Hansen,542698.0
Paul Grant,1256120.5
Cherokee Parks,2068006.875
Tyrone Hill,8036803.625
Damone Brown,403759.0
Quincy Lewis,1257768.75
Ben Davis,293606.4
Tracy Murray,3836455.125
Slavko Vranes,191929.0
Sean Lampley,329971.5
Shane Heal,439173.6666666667
Torraye Braggs,289474.5
Derrick Dial,508584.25
Bryant Reeves,12228030.57142857
David Robinson,19354564.14285714
Larry Johnson,15516996.57142857
Matt Geiger,9313888.142857144
John Stockton,11920145.57142857
Luc Longley,7785688.0
Nick Anderson,7187750.428571428
Loy Vaught,6846731.428571428
Danny Ferry,5474226.714285715
Jim McIlvaine,7209215.857142857
Derek Strong,4133399.1428571427
Brent Price,4406324.428571428
Jud Buechler,2967493.1428571427
LaPhonso Ellis,4159113.285714286
Randy Brown,2850425.1428571427
Steve Kerr,2835914.285714286
Jamie Feick,2582745.0
George McCloud,2563612.8571428573
Lorenzo Williams,2429077.714285714
Bryant Stith,6364856.857142857
Patrick Ewing,17628060.714285713
Greg Anthony,2791130.285714286
Matt Bullard,1769337.0
Don Reid,1358182.5714285714
Michael Jordan,27877558.0
Charles Oakley,7928559.571428572
Chris Dudley,7159300.166666667
Brian Shaw,4225639.0
Mark Bryant,2907145.5714285714
Walt Williams,4828753.0
Tim Hardaway,7886069.428571428
Danny Manning,8899085.857142856
Emanual Davis,844794.6666666666
J.R. Reid,2069334.4
Erick Barkley,1042328.0
Felipe Lopez,1034079.25
Olumide Oyedeji,699258.6666666666
Lavor Postell,699258.6666666666
Ruben Wolkowyski,739725.3333333334
Kenny Satterfield,640957.5
Greg Foster,1608306.0
Igor Rakocevic,527772.0
Ken Johnson,527772.0
Mike Batiste,527772.0
Chris Owens,527772.0
Tito Maddox,527772.0
Vincent Yarbrough,527772.0
Predrag Savovic,527772.0
Reggie Slater,758724.2
Art Long,366049.6666666667
Oscar Torres,381414.5
Adam Harrington,212397.0
John Crotty,1261679.6666666667
Pete Mickeal,352745.5
Ratko Varda,348381.5
Soumaila Samake,466451.3333333333
Dean Oliver,343662.5
Mark Strickland,1874419.2857142857
Antonio Harvey,681917.4
Guy Rucker,52777.0
Paul Shirley,45054.0
Jayson Williams,15256448.333333334
Mitch Richmond,10724632.833333334
Derrick McKey,7303227.0
Isaac Austin,5775742.833333333
Mookie Blaylock,6435544.833333333
Bobby Phills,5961333.0
Rex Chapman,3698657.1666666665
Tyrone Nesby,3652108.0
Dean Garrett,3447367.5
Cedric Henderson,3295345.5
Johnny Newman,2511636.6666666665
Chris Gatling,6521650.333333333
John Starks,5418712.166666667
Michael Smith,3787294.3333333335
Terry Porter,3089038.8333333335
Grant Long,3950830.1666666665
Vinny Del Negro,3374961.5
Dell Curry,3472255.5
Tom Hammonds,2194037.0
Trajan Langdon,2364365.0
Dana Barros,5247788.666666667
Roshown McLeod,1643605.0
William Avery,2027711.3333333333
Will Perdue,4593298.333333333
Eldridge Recasner,1331308.0
Cal Bowdler,1738578.0
Dan Majerle,4688720.0
Felton Spencer,2508182.0
Sam Mitchell,2596888.6
Don MacLean,3640118.3333333335
Tim James,1288293.3333333333
Vonteego Cummings,1193736.0
Carlos Rogers,2770956.3333333335
Larry Robinson,1027786.5
Victor Alexander,997261.0
Harold Jamison,704660.0
Shawnelle Scott,783474.0
Leon Smith,762486.0
Vernon Maxwell,2102120.8
Khalid El-Amin,605298.0
AJ Guyton,605298.0
Chris Porter,605298.0
Steve Goodrich,359234.0
Hanno Mottola,605298.0
Alvin Jones,508005.0
Ernest Brown,508005.0
Antonis Fotsis,508005.0
Norm Richardson,508005.0
Omar Cook,446054.0
Sam Mack,578040.0
Isaiah Rider,5264747.333333333
Tang Hamilton,92927.0
Joe Crispin,74342.0
Mike Penberthy,271443.5
Dickey Simpkins,1597136.75
Sean Elliott,8882063.6
Hersey Hawkins,6038585.0
Chris Mullin,5952778.4
Duane Causwell,3478973.0
Cedric Ceballos,4350732.0
Doug West,4815601.8
Adam Keefe,4388652.8
Greg Minor,4159328.2
Dragan Tarlac,3939907.0
Terry Mills,2495918.2
Dale Ellis,3195915.6
A.C. Green,6382893.2
Sam Perkins,4022692.8
Detlef Schrempf,4744184.0
Ron Harper,5984888.6
Terry Cummings,2832317.75
Otis Thorpe,7173766.0
Eric Murdock,2458711.25
Billy Owens,4669275.6
John Williams,5283913.5
Keith Closs,2551599.5
James Robinson,3082453.6
Gary Grant,1517585.0
Dennis Scott,3343089.2
Chuck Person,3383423.2
Zan Tabak,1671661.5
Joe Kleine,1398897.0
Chris Carr,1306190.4
Elliot Perry,3052733.0
Sherman Douglas,4110074.6
Mirsad Turkcan,1425287.6666666667
Bill Curley,1720887.6
Tyrone Corbin,1478595.6
Mario Elie,2837181.6
Pervis Ellison,3339856.6
David Wingate,1202719.8
Jerome Kersey,1230830.4
Kevin Edwards,3334586.0
Terry Davis,2393720.8
Mahmoud Abdul-Rauf,4075538.6666666665
Sam Jacobson,1119567.3333333333
Corey Benjamin,1072844.3333333333
David Benoit,1024359.6666666666
Todd Day,1877319.5
Todd Fuller,1666712.6
Roy Rogers,1100054.0
Etdrick Bohannon,643229.0
Tyus Edney,644038.0
Kornel David,532197.3333333334
Andrae Patterson,631405.0
William Cunningham,484586.3333333333
Gerard King,667545.6666666666
Lazaro Borrell,580455.5
Jonathan Kerner,384937.0
Lari Ketner,409184.5
Michael Hawkins,670341.0
Mike Smith,499531.0
Garth Joseph,499531.0
Chris Carrawell,499531.0
Ruben Garces,499531.0
Paul McPherson,499531.0
Ademola Okulaja,499531.0
Terrance Roberson,499531.0
Chris Herren,496511.0
Mark Karcher,78798.0
Jamal Robinson,63038.0
Rik Smits,11977263.75
Charles Barkley,7083418.75
Bison Dele,8132611.333333333
Jeff Hornacek,6381049.75
Armen Gilliam,5176891.5
Gerald Wilkins,2305203.25
Dino Radja,5332032.5
Hot Rod Williams,3146900.0
Yinka Dare,2749841.25
Kevin Gamble,2569454.25
Keith Askins,1617851.0
Tim Legler,1879093.5
Duane Ferrell,2234126.75
B.J. Tyler,2206883.0
Harvey Grant,4668728.5
Johnny Taylor,1724573.0
Chris Anstey,1557612.6666666667
Malik Sealy,2104320.25
Rex Walters,2491959.75
Derek Harper,2090792.75
Antoine Carr,2778169.3333333335
Eddie Johnson,1592531.0
Scott Burrell,1966663.75
Frederic Weis,1548438.0
Ed Gray,1384256.3333333333
Keith Booth,1142805.0
Rodrick Rhodes,1062704.0
Dwayne Schintzius,1029020.6666666666
Eric Washington,725348.3333333334
Toby Bailey,676905.5
Reggie Jordan,574765.3333333334
John Coker,708560.0
Thurl Bailey,1125271.5
Pete Chilcutt,1100165.75
Bill Wennington,1821322.25
Mark West,1767497.5
Rick Mahorn,1001919.0
Andrew Lang,3641815.25
Ricky Pierce,1457178.5
Jerome Allen,440725.3333333333
Haywoode Workman,2060565.0
Willie Anderson,833724.0
Ed Pinckney,676941.0
Blue Edwards,2447492.5
Byron Scott,631427.0
John Salley,2345782.0
Anthony Avent,833724.0
LaSalle Thompson,631427.0
Thomas Hamilton,833724.0
Tony Farmer,574765.3333333334
Joe Dumars,3229239.5
BJ Armstrong,3871444.0
Chucky Brown,894728.75
Michael Cage,2697142.0
Jack Haley,647583.0
Gheorghe Muresan,2230438.5
Pooh Richardson,3844063.5
Randy Livingston,551813.25
Fred Vinson,792855.0
Andrew Gaze,667691.0
Jerald Honeycutt,586838.3333333334
DeJuan Wheat,593150.3333333334
James Cotton,581078.5
Nikita Morgunov,554299.0
Gerald Brown,554299.0
Miles Simon,554299.0
Makhtar N'Diaye,554299.0
Shea Seals,519775.5
Charles Jones,512576.0
Mate Skelin,554299.0
Brent Scott,529255.0
Ryan Stack,554299.0
Jeffrey Sheppard,554299.0
Marty Conlon,1391909.3333333333
Ryan Robertson,493491.0
John Celestand,493491.0
Shannon Smith,493491.0
Tim Young,493491.0
Dominique Wilkins,834888.0
Jamie Watson,1071274.0
Danny Schayes,1044873.75
Dedric Willoughby,220619.0
Benoit Benjamin,201939.0
A.J. Bramlett,194493.0
Randell Jackson,334016.0
Rick Hughes,188688.0
DeMarco Johnson,182881.0
Mark Davis,385381.3333333333
Stanley Roberts,4053031.6666666665
Jermaine Walker,163475.0
Lou Roe,294187.0
Joe Stephens,303010.5
Devin Gray,144222.0
Drew Barry,343000.5
Mark Hendrickson,413091.6666666667
Kiwane Garris,99960.0
Jamel Thomas,95794.0
Eric Riley,489002.0
Terry Dehere,1685254.75
Adrian Caldwell,288538.5
Derek Hood,81281.0
Marcus Brown,533277.0
Rusty Larue,324873.5
Tyrone Grant,60959.0
Bakari Hendrix,51831.0
Khalid Reeves,2588761.0
Wayne Turner,49042.0
Jason Lawson,225731.0
Mike Brown,40868.0
LaMarcus Golden,40868.0
Casey Shaw,260043.0
Brett Robisch,32695.0
Kebu Stewart,220567.0
Jason Miskiri,26126.0
Louis Bullock,16347.0
Jimmy Oliver,236827.5
Robert Werdann,150016.5
John Morton,11010.0
Andy Panko,8173.0
Trevor Winter,243310.5
Ira Bowman,7403.0
Jason Sasser,4423.0
Mark Price,7330725.0
Rony Seikaly,6791984.666666667
Lionel Simmons,6300685.666666667
Stojko Vrankovic,5954471.0
Bobby Hurley,6019079.666666667
Sharone Wright,5991527.0
Ken Norman,5638090.666666667
Micheal Williams,4651193.666666667
Carl Herrera,3447855.6666666665
Buck Williams,2425854.0
Doug Edwards,1853831.0
Lee Mayberry,2237162.0
Chris Morris,3695421.3333333335
Herb Williams,1426272.6666666667
Dennis Rodman,8299580.666666667
Joe Wolf,1057984.0
Dontae' Jones,1378429.0
Randolph Childress,1363836.0
Martin Muursepp,1037230.0
Priest Lauderdale,1068361.0
Brian Evans,1043284.6666666666
Negele Knight,895930.0
Charles Shackleford,895930.0
Craig Ehlo,732253.0
Jeff Sanders,791752.0
Loren Meyer,1027679.3333333334
David Vaughn,996891.3333333334
Horacio Llamas Grey,584925.5
Corey Beck,584925.5
Chris Robinson,519121.6666666667
Marko Milic,496783.5
Adonis Jordan,583396.0
Charles O'Bannon,537882.5
Bubba Wells,480367.5
Paul Rogers,479218.0
J.R. Henderson,479218.0
Korleone Young,479218.0
Kelly McCarty,479218.0
Cory Carr,479218.0
Marlon Garnett,479218.0
Kevin Johnson,12848201.0
Clyde Drexler,9429152.5
Nate McMillan,4140804.0
Elmore Spencer,3474590.0
Shawn Respert,2586174.0
Greg Graham,2458106.5
Ed O'Bannon,2377614.5
Tree Rollins,2491535.0
Acie Earl,2282528.0
Tony Dumas,2098085.0
Eric Mobley,1858303.5
Robert Parish,1841510.0
Clifford Rozier,1767924.0
Henry James,1004462.0
Mario Bennett,1245979.0
George Zidek,1266228.0
Sherell Ford,1001941.5
Dontonio Wingfield,941941.5
Donny Marshall,847747.0
Randy Woods,847461.0
Steve Scheffler,518067.5
Kevin Salvadori,468803.0
John Long,408827.0
Ed Stokes,461866.0
Reggie Geary,421445.5
Vincent Askew,1964581.5
Sean Higgins,461442.0
Alton Lister,664186.0
Tom Chambers,461442.0
Tim Kempton,461442.0
Stephen Howard,387722.0
Ron Grandison,461442.0
Pete Myers,461442.0
Tim Breaux,461442.0
Ivano Newbill,445286.0
Carl Thomas,445286.0
Rumeal Robinson,445286.0
Steve Henson,461442.0
Greg Anderson,737008.0
Donald Whiteside,421445.5
God Shammgod,410594.0
Chris Garner,410171.0
Derek Grimm,410171.0
Jeff Nordgaard,410171.0
Malcolm Huckaby,410171.0
James Collins,410171.0
Serge Zwikker,410171.0
Adrian Custis,410171.0
Travis Williams,410171.0
Matt Fish,341684.0
Stacey King,169492.0
Ruben Nembhard,84746.0
Ron Riley,84746.0
Scott Brooks,256938.0
Patrick Savoy,42373.0
Todd Lindeman,25423.0
Wayman Tisdale,6025166.0
Sarunas Marciulionis,4334652.0
Sasha Danilovic,3280464.0
Donald Royal,2947563.0
Frank Brickowski,2600791.0
Kenny Gattison,2514098.0
Brooks Thompson,2310022.0
Jon Koncak,1993940.0
Antonio Lang,901607.0
Brad Lohaus,840922.0
Jimmy King,572174.0
Lawrence Moten,556569.0
Rafael Addison,502819.0
Xavier McDaniel,440400.0
Ashraf Amaya,429130.0
Darrin Hancock,429130.0
Mark Bradtke,429130.0
Larry Stewart,429130.0
Eric Leckner,429130.0
Chris Jent,429130.0
David Wood,429130.0
Rich Manning,429130.0
Kevin Duckworth,429130.0
Tracy Moore,429130.0
Mike Peplowski,429130.0
Litterial Green,429130.0
Keith Jennings,429130.0
Greg Dreiling,429130.0
Fred Roberts,429130.0
Tony Smith,429130.0
Willie Burton,429130.0
Donnie Boyce,429130.0
Virginijus Praskevicius,381449.0
James Scott,381449.0
Ray Owes,381449.0
Marcus Mann,381449.0
Carlos Strong,381449.0
Steve Hamer,381449.0
Brett Szabo,381449.0
Earl Cureton,355788.0
Kenny Smith,329606.0
Lloyd Daniels,319203.0
Gaylon Nickerson,265107.0
